Column Names;use
;
NUTS_2;
naz_oblast;
NUTS_3;
naz_kraj;
kod_okres;
naz_okres;
kod_orp;
naz_orp;
kod_obec;
naz_obec;
kod_mco;
nazev_mco;
nadzsjd;
Obydlené byty v domech celkem - způsob vytápění: ústřední (dálkové);0
Obydlené byty v rodinných domech - způsob vytápění: ústřední (dálkové);0
Obydlené byty v bytových domech - způsob vytápění: ústřední (dálkové);0
Počet osob v bytech celkem  - způsob vytápění: ústřední (dálkové);0
Počet osob v bytech v rodinných domech - způsob vytápění: ústřední (dálkové);0
Počet osob v bytech v bytových domech - způsob vytápění: ústřední (dálkové);0
Obydlené byty v domech celkem - způsob vytápění: ústřední domovní;0
Obydlené byty v rodinných domech - způsob vytápění:  ústřední domovní;0
Obydlené byty v bytových domech - způsob vytápění:  ústřední domovní;0
Počet osob v bytech celkem  - způsob vytápění: ústřední  domovní;0
Počet osob v bytech v rodinných domech - způsob vytápění: ústřední domovní;0
Počet osob v bytech v bytových domech - způsob vytápění: ústřední  domovní;0
Obydlené byty v domech celkem - způsob vytápění: ústřední domovní - používaná energie: uhlí, koks, uhelné brikety;0
Obydlené byty v rodinných domech - způsob vytápění: ústřední domovní - používaná energie: uhlí, koks, uhelné brikety;0
Obydlené byty v bytových domech - způsob vytápění: ústřední domovní - používaná energie: uhlí, koks, uhelné brikety;0
Počet osob v bytech celkem  - způsob vytápění: ústřední domovní - používaná energie: uhlí, koks, uhelné brikety;0
Počet osob v bytech v rodinných domech - způsob vytápění: ústřední domovní - používaná energie: uhlí, koks, uhelné brikety;0
Počet osob v bytech v bytových domech - způsob vytápění: ústřední domovní - používaná energie: uhlí, koks, uhelné brikety;0
Obydlené byty v domech celkem - způsob vytápění: ústřední domovní - používaná energie: dřevo, dřevěné pelety;0
Obydlené byty v rodinných domech - způsob vytápění: ústřední domovní - používaná energie: dřevo, dřevěné pelety;0
Obydlené byty v bytových domech - způsob vytápění: ústřední domovní - používaná energie: dřevo, dřevěné pelety;0
Počet osob v bytech celkem  - způsob vytápění: ústřední domovní - používaná energie: dřevo, dřevěné pelety;0
Počet osob v bytech v rodinných domech - způsob vytápění: ústřední domovní - používaná energie: dřevo, dřevěné pelety;0
Počet osob v bytech v bytových domech - způsob vytápění: ústřední domovní - používaná energie: dřevo, dřevěné pelety;0
Obydlené byty v domech celkem - způsob vytápění: ústřední domovní - používaná energie: plyn;0
Obydlené byty v rodinných domech - způsob vytápění: ústřední domovní - používaná energie: plyn;0
Obydlené byty v bytových domech - způsob vytápění: ústřední domovní - používaná energie: plyn;0
Počet osob v bytech celkem  - způsob vytápění: ústřední domovní - používaná energie: plyn;0
Počet osob v bytech v rodinných domech - způsob vytápění: ústřední domovní - používaná energie: plyn;0
Počet osob v bytech v bytových domech - způsob vytápění: ústřední domovní - používaná energie: plyn;0
Obydlené byty v domech celkem - způsob vytápění: ústřední domovní - používaná energie: elektřina;0
Obydlené byty v rodinných domech - způsob vytápění: ústřední domovní - používaná energie: elektřina;0
Obydlené byty v bytových domech - způsob vytápění: ústřední domovní -  používaná energie: elektřina;0
Počet osob v bytech celkem  - způsob vytápění: ústřední domovní - používaná energie: elektřina;0
Počet osob v bytech v rodinných domech - způsob vytápění: ústřední domovní - používaná energie: elektřina;0
Počet osob v bytech v bytových domech - způsob vytápění: ústřední domovní - používaná energie: elektřina;0
Obydlené byty v domech celkem - způsob vytápění: ústřední s vlastním zdrojem (v bytě);0
Obydlené byty v rodinných domech - způsob vytápění: ústřední s vlastním zdrojem (v bytě);0
Obydlené byty v bytových domech - způsob vytápění: ústřední s vlastním zdrojem (v bytě);0
Počet osob v bytech celkem  - způsob vytápění: ústřední s vlastním zdrojem (v bytě);0
Počet osob v bytech v rodinných domech - způsob vytápění: ústřední s vlastním zdrojem (v bytě);0
Počet osob v bytech v bytových domech - způsob vytápění: ústřední s vlastním zdrojem (v bytě);0
Obydlené byty v domech celkem - způsob vytápění: ústřední s vlastním zdrojem (v bytě) - používaná energie: uhlí, koks, uhelné brikety;0
Obydlené byty v rodinných domech - způsob vytápění: ústřední s vlastním zdrojem (v bytě) - používaná energie: uhlí, koks, uhelné brikety;0
Obydlené byty v bytových domech - způsob vytápění: ústřední s vlastním zdrojem (v bytě) - používaná energie: uhlí, koks, uhelné brikety;0
Počet osob v bytech celkem  - způsob vytápění: ústřední s vlastním zdrojem (v bytě) - používaná energie: uhlí, koks, uhelné brikety;0
Počet osob v bytech v rodinných domech - způsob vytápění: ústřední s vlastním zdrojem (v bytě) - používaná energie: uhlí, koks, uhelné brikety;0
Počet osob v bytech v bytových domech - způsob vytápění: ústřední s vlastním zdrojem (v bytě) - používaná energie: uhlí, koks, uhelné brikety;0
Obydlené byty v domech celkem - způsob vytápění: ústřední s vlastním zdrojem (v bytě) - používaná energie: dřevo, dřevěné pelety;0
Obydlené byty v rodinných domech - způsob vytápění: ústřední s vlastním zdrojem (v bytě) - používaná energie: dřevo, dřevěné pelety;0
Obydlené byty v bytových domech - způsob vytápění: ústřední s vlastním zdrojem (v bytě) - používaná energie: dřevo, dřevěné pelety;0
Počet osob v bytech celkem  - způsob vytápění: ústřední s vlastním zdrojem (v bytě) - používaná energie: dřevo, dřevěné pelety;0
Počet osob v bytech v rodinných domech - způsob vytápění: ústřední s vlastním zdrojem (v bytě) - používaná energie: dřevo, dřevěné pelety;0
Počet osob v bytech v bytových domech - způsob vytápění: ústřední s vlastním zdrojem (v bytě) - používaná energie: dřevo, dřevěné pelety;0
Obydlené byty v domech celkem - způsob vytápění: ústřední s vlastním zdrojem (v bytě) - používaná energie: plyn;0
Obydlené byty v rodinných domech - způsob vytápění: ústřední s vlastním zdrojem (v bytě) - používaná energie: plyn;0
Obydlené byty v bytových domech - způsob vytápění: ústřední s vlastním zdrojem (v bytě) - používaná energie: plyn;0
Počet osob v bytech celkem  - způsob vytápění: ústřední s vlastním zdrojem (v bytě) - používaná energie: plyn;0
Počet osob v bytech v rodinných domech - způsob vytápění: ústřední s vlastním zdrojem (v bytě) - používaná energie: plyn;0
Počet osob v bytech v bytových domech - způsob vytápění: ústřední s vlastním zdrojem (v bytě) - používaná energie: plyn;0
Obydlené byty v domech celkem - způsob vytápění: ústřední s vlastním zdrojem (v bytě) - používaná energie: elektřina;0
Obydlené byty v rodinných domech - způsob vytápění: ústřední s vlastním zdrojem (v bytě) - používaná energie: elektřina;0
Obydlené byty v bytových domech - způsob vytápění: ústřední s vlastním zdrojem (v bytě) - používaná energie: elektřina;0
Počet osob v bytech celkem  - způsob vytápění: ústřední s vlastním zdrojem (v bytě) - používaná energie: elektřina;0
Počet osob v bytech v rodinných domech - způsob vytápění: ústřední s vlastním zdrojem (v bytě) - používaná energie: elektřina;0
Počet osob v bytech v bytových domech - způsob vytápění: ústřední s vlastním zdrojem (v bytě) - používaná energie: elektřina;0
Obydlené byty v domech celkem - způsob vytápění: kamna;0
Obydlené byty v rodinných domech - způsob vytápění: kamna;0
Obydlené byty v bytových domech - způsob vytápění: kamna;0
Počet osob v bytech celkem  - způsob vytápění: kamna;0
Počet osob v bytech v rodinných domech - způsob vytápění: kamna;0
Počet osob v bytech v bytových domech - způsob vytápění: kamna;0
Obydlené byty v domech celkem - způsob vytápění: kamna - používaná energie: uhlí, koks, uhelné brikety;0
Obydlené byty v rodinných domech - způsob vytápění: kamna - používaná energie: uhlí, koks, uhelné brikety;0
Obydlené byty v bytových domech - způsob vytápění: kamna - používaná energie: uhlí, koks, uhelné brikety;0
Počet osob v bytech celkem  - způsob vytápění: kamna - používaná energie: uhlí, koks, uhelné brikety;0
Počet osob v bytech v rodinných domech - způsob vytápění: kamna - používaná energie: uhlí, koks, uhelné brikety;0
Počet osob v bytech v bytových domech - způsob vytápění: kamna - používaná energie: uhlí, koks, uhelné brikety;0
Obydlené byty v domech celkem - způsob vytápění: kamna - používaná energie: dřevo, dřevěné pelety;0
Obydlené byty v rodinných domech - způsob vytápění: kamna - používaná energie: dřevo, dřevěné pelety;0
Obydlené byty v bytových domech - způsob vytápění: kamna - používaná energie: dřevo, dřevěné pelety;0
Počet osob v bytech celkem  - způsob vytápění: kamna - používaná energie: dřevo, dřevěné pelety;0
Počet osob v bytech v rodinných domech - způsob vytápění: kamna - používaná energie: dřevo, dřevěné pelety;0
Počet osob v bytech v bytových domech - způsob vytápění: kamna - používaná energie: dřevo, dřevěné pelety;0
Obydlené byty v domech celkem - způsob vytápění: kamna - používaná energie: plyn;0
Obydlené byty v rodinných domech - způsob vytápění: kamna - používaná energie: plyn;0
Obydlené byty v bytových domech - způsob vytápění: kamna - používaná energie: plyn;0
Počet osob v bytech celkem  - způsob vytápění: kamna - používaná energie: plyn;0
Počet osob v bytech v rodinných domech - způsob vytápění: kamna - používaná energie: plyn;0
Počet osob v bytech v bytových domech - způsob vytápění: kamna - používaná energie: plyn;0
Obydlené byty v domech celkem - způsob vytápění: kamna - používaná energie: elektřina;0
Obydlené byty v rodinných domech - způsob vytápění: kamna - používaná energie: elektřina;0
Obydlené byty v bytových domech - způsob vytápění: kamna - používaná energie: elektřina;0
Počet osob v bytech celkem  - způsob vytápění: kamna - používaná energie: elektřina;0
Počet osob v bytech v rodinných domech - způsob vytápění: kamna - používaná energie: elektřina;0
Počet osob v bytech v bytových domech - způsob vytápění: kamna - používaná energie: elektřina;0
nuts_2_regs;
nazev_regionu_soudrznosti;
nuts3_kraj;
nazev_kraje;
kod_okres;
nazev_okresu;
kod_orp;
nazev_orp;
kod_obec;
nazev_obec;
kod_mco;
nazev_mco;
nadzsjd;
Zaměstnaní celkem;0
Zaměstnaní - Zaměstnanci v ozbrojených silách;0
Zaměstnaní - Zákonodárci a řídící pracovníci;0
Zaměstnaní - Specialisté;0
Zaměstnaní - Techničtí a odborní pracovníci;0
Zaměstnaní - Úředníci;0
Zaměstnaní - Pracovníci ve službách a prodeji;0
Zaměstnaní - Kvalifikovaní pracovníci v zemědělství,lesnictví a rybářství;0
Zaměstnaní - Řemeslníci a opraváři;0
Zaměstnaní - Obsluha strojů a zařízení, montéři;0
Zaměstnaní - Pomocní a nekvalifikovaní pracovníci;0
Zaměstnaní - nezjištěno;0
Zaměstnaní muži;0
Zaměstnaní - Zaměstnanci v ozbrojených silách - muži;0
Zaměstnaní - Zákonodárci a řídící pracovníci - muži;0
Zaměstnaní - Specialisté - muži;0
Zaměstnaní - Techničtí a odborní pracovníci - muži;0
Zaměstnaní - Úředníci - muži;0
Zaměstnaní - Pracovníci ve službách a prodeji - muži;0
Zaměstnaní - Kvalifikovaní pracovníci v zemědělství,lesnictví a rybářství - muži;0
Zaměstnaní - Řemeslníci a opraváři - muži;0
Zaměstnaní - Obsluha strojů a zařízení, montéři - muži;0
Zaměstnaní - Pomocní a nekvalifikovaní pracovníci - muži;0
Zaměstnaní - nezjištěno - muži;0
Zaměstnaní ženy;0
Zaměstnaní - Zaměstnanci v ozbrojených silách - ženy;0
Zaměstnaní - Zákonodárci a řídící pracovníci - ženy;0
Zaměstnaní - Specialisté - ženy;0
Zaměstnaní - Techničtí a odborní pracovníci - ženy;0
Zaměstnaní - Úředníci - ženy;0
Zaměstnaní - Pracovníci ve službách a prodeji - ženy;0
Zaměstnaní - Kvalifikovaní pracovníci v zemědělství,lesnictví a rybářství - ženy;0
Zaměstnaní - Řemeslníci a opraváři - ženy;0
Zaměstnaní - Obsluha strojů a zařízení, montéři - ženy;0
Zaměstnaní - Pomocní a nekvalifikovaní pracovníci - ženy;0
Zaměstnaní - nezjištěno - ženy;0
NUTS_2;
naz_oblast;
NUTS_3;
naz_kraj;
kod_okres;
naz_okres;
kod_orp;
naz_orp;
kod_obec;
naz_obec;
kod_mco;
nazev_mco;
nadzsjd;
Obyvatelstvo celkem;1
Obyvatelstvo celkem - muži;0
Obyvatelstvo celkem - ženy;0
Obyvatelstvo - rodinný stav: svobodní  - celkem;1
Obyvatelstvo - rodinný stav: svobodní  - muži;0
Obyvatelstvo - rodinný stav: svobodní  - ženy;0
Obyvatelstvo - rodinný stav: ženatí, vdané - celkem;1
Obyvatelstvo - rodinný stav: ženatí, vdané - muži;0
Obyvatelstvo - rodinný stav: ženatí, vdané - ženy;0
Obyvatelstvo - rodinný stav: rozvedení - celkem;1
Obyvatelstvo - rodinný stav: rozvedení - muži;0
Obyvatelstvo - rodinný stav: rozvedení - ženy;0
Obyvatelstvo - rodinný stav: ovdovělí - celkem;1
Obyvatelstvo - rodinný stav: ovdovělí - muži;0
Obyvatelstvo - rodinný stav: ovdovělí - ženy;0
Obyvatelstvo - rodinný stav: nezjištěno - celkem;1
Obyvatelstvo - rodinný stav: nezjištěno - muži;0
Obyvatelstvo - rodinný stav: nezjištěno - ženy;0
NUTS_2;
naz_oblast;
NUTS_3;
naz_kraj;
kod_okres;
naz_okres;
kod_orp;
naz_orp;
kod_obec;
naz_obec;
kod_mco;
nazev_mco;
nadzsjd;
Obyvatelstvo - věk: 15 a více - celkem;0
Obyvatelstvo - věk: 15 a více - muži;0
Obyvatelstvo - věk: 15 a více - ženy;0
Obyvatelstvo - věk: 15 a více - nejvyšší dosažené vzdělání: bez vzdělání, neúplné vzdělání, základní vzdělání - celkem;1
Obyvatelstvo - věk: 15 a více - nejvyšší dosažené vzdělání: bez vzdělání, neúplné vzdělání, základní vzdělání - muži;0
Obyvatelstvo - věk: 15 a více - nejvyšší dosažené vzdělání: bez vzdělání, neúplné vzdělání, základní vzdělání - ženy;0
Obyvatelstvo - věk: 15 a více - nejvyšší dosažené vzdělání: - střední vč. vyučení bez maturity - celkem;1
Obyvatelstvo - věk: 15 a více - nejvyšší dosažené vzdělání: - střední vč. vyučení bez maturity - muži;0
Obyvatelstvo - věk: 15 a více - nejvyšší dosažené vzdělání: - střední vč. vyučení bez maturity - ženy;0
Obyvatelstvo - věk: 15 a více - nejvyšší dosažené vzdělání: - střední s maturitou vč. nástavbového a pomaturitního - celkem;1
Obyvatelstvo - věk: 15 a více - nejvyšší dosažené vzdělání: - střední s maturitou vč. nástavbového a pomaturitního - muži;0
Obyvatelstvo - věk: 15 a více - nejvyšší dosažené vzdělání: - střední s maturitou vč. nástavbového a pomaturitního - ženy;0
Obyvatelstvo - věk: 15 a více - nejvyšší dosažené vzdělání: VOŠ a konzervatoř - celkem;1
Obyvatelstvo - věk: 15 a více - nejvyšší dosažené vzdělání: VOŠ a konzervatoř - muži;0
Obyvatelstvo - věk: 15 a více - nejvyšší dosažené vzdělání: VOŠ a konzervatoř - ženy;0
Obyvatelstvo - věk: 15 a více - nejvyšší dosažené vzdělání:  vysokoškolské - celkem;1
Obyvatelstvo - věk: 15 a více - nejvyšší dosažené vzdělání:  vysokoškolské - muži;0
Obyvatelstvo - věk: 15 a více - nejvyšší dosažené vzdělání:  vysokoškolské- ženy;0
Obyvatelstvo - věk: 15 a více - nejvyšší dosažené vzdělání: nezjištěno - celkem;1
Obyvatelstvo - věk: 15 a více - nejvyšší dosažené vzdělání: nezjištěno - muži;0
Obyvatelstvo - věk: 15 a více - nejvyšší dosažené vzdělání: nezjištěno - ženy;0
NUTS_2;
naz_oblast;
NUTS_3;
naz_kraj;
kod_okres;
naz_okres;
kod_orp;
naz_orp;
kod_obec;
naz_obec;
kod_mco;
nazev_mco;
nadzsjd;
Obyvatelstvo - zaměstnaní - celkem;0
Obyvatelstvo - zaměstnaní - muži;0
Obyvatelstvo - zaměstnaní - ženy;0
Obyvatelstvo - zaměstnaní - odvětví ekon.čin.: zemědělství, lesnictví ,rybářství - celkem;1
Obyvatelstvo - zaměstnaní - odvětví ekon.čin.: průmysl - celkem;1
Obyvatelstvo - zaměstnaní - odvětví ekon.čin.: stavebnictví - celkem;1
Obyvatelstvo - zaměstnaní - odvětví ekon.čin.: velkoobchod a maloobchod, opravy a údržba motorových vozidel - celkem;1
Obyvatelstvo - zaměstnaní - odvětví ekon.čin.: doprava a skladování - celkem;1
Obyvatelstvo - zaměstnaní - odvětví ekon.čin.: ubytování, stravování a pohostinství - celkem;1
Obyvatelstvo - zaměstnaní - odvětví ekon.čin.: informační a komunikační činnosti - celkem;1
Obyvatelstvo - zaměstnaní - odvětví ekon.čin.: peněžnictví a pojišťovnictví - celkem;1
Obyvatelstvo - zaměstnaní - odvětví ekon.čin.: činnosti v oblasti nemovitostí, profesní, věd. a tech. činnosti a administr. a podpůrné činnosti - celkem;1
Obyvatelstvo - zaměstnaní - odvětví ekon.čin.: veřejná správa a obrana, povinné sociální zabezpečení - celkem;1
Obyvatelstvo - zaměstnaní - odvětví ekon.čin.: vzdělávání - celkem;1
Obyvatelstvo - zaměstnaní - odvětví ekon.čin.: zdravotní a sociální péče - celkem;1
Obyvatelstvo - zaměstnaní - odvětví ekon.čin.: nezjištěno - celkem;1
Obyvatelstvo - zaměstnaní - nejvyšší dosažené vzdělání: bez vzdělání,základní vč. nedokončeného - celkem;0
Obyvatelstvo - zaměstnaní - nejvyšší dosažené vzdělání: bez vzdělání,základní vč. nedokončeného - muži;0
Obyvatelstvo - zaměstnaní - nejvyšší dosažené vzdělání: bez vzdělání,základní vč. nedokončeného - ženy;0
Obyvatelstvo - zaměstnaní - nejvyšší dosažené vzdělání: střední vč. vyučení (bez maturity) - celkem;0
Obyvatelstvo - zaměstnaní - nejvyšší dosažené vzdělání: střední vč. vyučení (bez maturity) - muži;0
Obyvatelstvo - zaměstnaní - nejvyšší dosažené vzdělání: střední vč. vyučení (bez maturity) - ženy;0
Obyvatelstvo - zaměstnaní - nejvyšší dosažené vzdělání: úplné střední (s maturitou), nástavbové, pomaturitní - celkem;0
Obyvatelstvo - zaměstnaní - nejvyšší dosažené vzdělání: úplné střední (s maturitou), nástavbové, pomaturitní - muži;0
Obyvatelstvo - zaměstnaní - nejvyšší dosažené vzdělání: úplné střední (s maturitou), nástavbové, pomaturitní - ženy;0
Obyvatelstvo - zaměstnaní - nejvyšší dosažené vzdělání: vyšší odborné. konzervatoř - celkem;0
Obyvatelstvo - zaměstnaní - nejvyšší dosažené vzdělání: vyšší odborné¨, konzervatoř - muži;0
Obyvatelstvo - zaměstnaní - nejvyšší dosažené vzdělání: vyšší odborné, konzervatoř - ženy;0
Obyvatelstvo - zaměstnaní - nejvyšší dosažené vzdělání: vysokoškolské - celkem;0
Obyvatelstvo - zaměstnaní - nejvyšší dosažené vzdělání: vysokoškolské - muži;0
Obyvatelstvo - zaměstnaní - nejvyšší dosažené vzdělání: vysokoškolské - ženy;0
Obyvatelstvo - zaměstnaní - nejvyšší dosažené vzdělání: nezjištěno - celkem;0
Obyvatelstvo - zaměstnaní - nejvyšší dosažené vzdělání: nezjištěno - muži;0
Obyvatelstvo - zaměstnaní - nejvyšší dosažené vzdělání: nezjištěno - ženy;0
NUTS_2;
naz_oblast;
NUTS_3;
naz_kraj;
kod_okres;
naz_okres;
kod_orp;
naz_orp;
kod_obec;
naz_obec;
kod_mco;
nazev_mco;
nadzsjd;
Byty v domech celkem;0
Byty v rodinných domech;0
Byty  v bytových domech;0
Obydlené  byty v domech celkem;0
Obydlené byty v rodinných domech;0
Obydlené byty v bytových domech;0
Počet osob v bytech celkem;0
Počet osob v bytech v rodinných domech;0
Počet osob v bytech v bytových domech;0
Obydlené byty v domech celkem - právní důvod užívání bytu: ve vlastním domě;0
Obydlené byty v rodinných domech - právní důvod užívání bytu: ve vlastním domě;0
Obydlené byty v bytových domech - právní důvod užívání bytu: ve vlastním domě;0
Počet osob v bytech celkem  s právním důvodem užívání: ve vlastním domě;1
Počet osob v bytech v rodinných domech - právní užívání bytu: ve vlastním domě;0
Počet osob v bytech v bytových domech - právní užívání bytu: ve vlastním domě;0
Obydlené byty v domech celkem - právní důvod užívání bytu: v osobním vlastnictví;0
Obydlené byty v rodinných domech - právní důvod užívání bytu: v osobním vlastnictví;0
Obydlené byty v bytových domech - právní důvod užívání bytu: v osobním vlastnictví;0
Počet osob v bytech celkem  s právním důvodem užívání: v osobním vlastnictví;1
Počet osob v bytech v rodinných domech - právní užívání bytu: v osobním vlastnictví;0
Počet osob v bytech v bytových domech - právní užívání bytu: v osobním vlastnictví;0
Obydlené byty v domech celkem - právní důvod užívání bytu: nájemní  / pronajatý;0
Obydlené byty v rodinných domech - právní důvod užívání bytu: nájemní / pronajatý;0
Obydlené byty v bytových domech - právní důvod užívání bytu: nájemní / pronajatý;0
Počet osob v bytech celkem  s právním důvodem užívání: nájemní / pronajatý;1
Počet osob v bytech v rodinných domech - právní užívání bytu: nájemní / pronajatý;0
Počet osob v bytech v bytových domech - právní užívání bytu: nájemní / pronajatý;0
Obydlené byty v domech celkem - právní důvod užívání bytu: družstevní;0
Obydlené byty v rodinných domech - právní důvod užívání bytu: družstevní;0
Obydlené byty v bytových domech - právní důvod užívání bytu: družstevní;0
Počet osob v bytech celkem  s právním důvodem užívání: družstevní;1
Počet osob v bytech v rodinných domech - právní užívání bytu: družstevní;0
Počet osob v bytech v bytových domech - právní užívání bytu: družstevní;0
Obydlené byty v domech celkem s materiálem nosných zdí: z kamene, cihel, tvárnic;0
Obydlené byty  v rodinných domech s materiálem nosných zdí: z kamene, cihel, tvárnic;0
Obydlené byty  v bytových domech s materiálem nosných zdí: z kamene, cihel, tvárnic;0
Počet osob v bytech v domech  s materiálem nosných zdí: z kamene, cihel, tvárnic;0
Počet osob v bytech v rodinných domech  s materiálem nosných zdí: z kamene, cihel, tvárnic;0
Počet osob v bytech v bytových domech  s materiálem nosných zdí: z kamene, cihel, tvárnic;0
Obydlené byty v domech celkem s materiálem nosných zdí: ze stěnových panelů;0
Obydlené byty  v rodinných domech s materiálem nosných zdí: ze stěnových panelů;0
Obydlené byty  v bytových domech s materiálem nosných zdí: ze stěnových panelů;0
Počet osob v bytech v domech  s materiálem nosných zdí: ze stěnových panelů;0
Počet osob v bytech v rodinných domech  s materiálem nosných zdí: ze stěnových panelů;0
Počet osob v bytech v bytových domech  s materiálem nosných zdí: ze stěnových panelů;0
Neobydlené byty celkem;0
Neobydlené byty v rodinných domech;0
Neobydlené byty v bytových domech;0
NUTS_2;
naz_oblast;
NUTS_3;
naz_kraj;
kod_okres;
naz_okres;
kod_orp;
naz_orp;
kod_obec;
naz_obec;
kod_mco;
nazev_mco;
nadzsjd;
Obyvatelstvo celkem;1
Obyvatelstvo celkem - muži;0
Obyvatelstvo celkem - ženy;0
Obyvatelstvo - státní občanství: Česká republika - celkem;1
Obyvatelstvo - státní občanství: Česká republika - muži;0
Obyvatelstvo - státní občanství: Česká republika - ženy;0
Obyvatelstvo - státní občanství: Slovenská republika - celkem;1
Obyvatelstvo - státní občanství: Slovenská republika - muži;0
Obyvatelstvo - státní občanství: Slovenská  republika - ženy;0
NUTS_2;
naz_oblast;
NUTS_3;
naz_kraj;
kod_okres;
naz_okres;
kod_orp;
naz_orp;
kod_obec;
naz_obec;
kod_mco;
nazev_mco;
nadzsjd;
Obyvatelstvo - zaměstnaní - celkem;0
Obyvatelstvo - zaměstnaní - postavení v zaměstnání: zaměstnanci - celkem;1
Obyvatelstvo - zaměstnaní - postavení v zaměstnání: zaměstnavatelé - celkem;1
Obyvatelstvo - zaměstnaní - postavení v zaměstnání: osoby pracující na vlastní účet - celkem;1
Obyvatelstvo - zaměstnaní - postavení v zaměstnání: nezjištěno - celkem;1
Obyvatelstvo - zaměstnaní - věk: 15 - 24  - celkem;0
Obyvatelstvo - zaměstnaní - věk: 25 - 34  - celkem;0
Obyvatelstvo - zaměstnaní - věk: 35 - 44  - celkem;0
Obyvatelstvo - zaměstnaní - věk: 45 - 54  - celkem;0
Obyvatelstvo - zaměstnaní - věk: 55 - 59  - celkem;0
Obyvatelstvo - zaměstnaní - věk: 60 - 64  - celkem;0
Obyvatelstvo - zaměstnaní - věk: 65 a více  - celkem;0
NUTS_2;
naz_oblast;
NUTS_3;
naz_kraj;
kod_okres;
naz_okres;
kod_orp;
naz_orp;
kod_obec;
naz_obec;
kod_mco;
nazev_mco;
nadzsjd;
Domy celkem;0
Rodinné domy;0
Bytové domy;0
Obydlené domy celkem;0
Obydlené rodinné domy;0
Obydlené bytové domy;0
Počet osob v domech celkem;0
Počet osob v rodinných domech;0
Počet osob v bytových domech;0
Domy celkem - vlastnictví:  fyzická osoba;0
Rodinné domy - vlastnictví:  fyzická osoba;0
Bytové domy - vlastnictví:  fyzická osoba;0
Počet osob v domech celkem s vlastnictvím:  fyzická osoba;1
Počet osob v rodinných domech s vlastnictvím:  fyzická osoba;0
Počet osob v bytových domech s vlastnictvím:  fyzická osoba;0
Domy celkem - vlastnictví:  obec, stát;0
Rodinné domy - vlastnictví:   obec, stát;0
Bytové domy - vlastnictví:   obec, stát;0
Počet osob v domech celkem s vlastnictvím:   obec, stát;1
Počet osob v rodinných domech s vlastnictvím:   obec, stát;0
Počet osob v bytových  domech s vlastnictvím:   obec, stát;0
Domy celkem - vlastnictví:  bytové družstvo;0
Rodinné domy - vlastnictví:  bytové družstvo;0
Bytové domy - vlastnictví:   bytové družstvo;0
Počet osob v domech celkem s vlastnictvím:   bytové družstvo;1
Počet osob v rodinných domech s vlastnictvím:   bytové družstvo;0
Počet osob v bytových domech s vlastnictvím:   bytové družstvo;0
Domy celkem - vlastnictví:  spoluvlastnictví vlastníků bytů;0
Rodinné domy - vlastnictví:  spoluvlastnictví vlastníků bytů;0
Bytové domy - vlastnictví:   spoluvlastnictví vlastníků bytů;0
Počet osob v domech celkem s vlastnictvím:   spoluvlastnictví vlastníků bytů;1
Počet osob v rodinných domech s vlastnictvím:   spoluvlastnictví vlastníků bytů;0
Počet osob v bytových domech s vlastnictvím:   spoluvlastnictví vlastníků bytů;0
Domy celkem - počet bytů: 1;0
Rodinné domy - počet bytů: 1;0
Bytové domy  - počet bytů: 1;0
Počet osob v domech celkem s počtem bytů: 1;0
Počet osob v rodinných domech s počtem bytů: 1;0
Domy celkem - počet bytů: 2-3;0
Rodinné domy - počet bytů: 2-3;0
Bytové domy  - počet bytů: 2-3;0
Počet osob v domech celkem s počtem bytů: 2-3;0
Počet osob v rodinných domech s počtem bytů: 2-3;0
Domy celkem - počet bytů: 4-11;0
Bytové domy  - počet bytů: 4-11;0
Počet osob v domech celkem s počtem bytů: 4-11;0
Domy celkem - počet bytů: 12 a více;0
Bytové domy  - počet bytů: 12 a více;0
Počet osob v domech celkem s počtem bytů: 12 a více;0
Domy celkem - období výstavby nebo rekonstrukce:  1919 a dříve;0
Rodinné domy - období výstavby nebo rekonstrukce:  1919 a dříve;0
Bytové domy  -období výstavby nebo rekonstrukce:  1919 a dříve;0
Počet osob v domech celkem s obdobím výstavby nebo rekonstrukce:  1919 a dříve;0
Počet osob v rodinných domech s obdobím výstavby nebo rekonstrukce:  1919 a dříve;0
Počet osob v bytových domech s obdobím výstavby nebo rekonstrukce:  1919 a dříve;0
Domy celkem - období výstavby nebo rekonstrukce:  1920 - 1945;0
Rodinné domy - období výstavby nebo rekonstrukce:  1920 - 1945;0
Bytové domy  -období výstavby nebo rekonstrukce:  1920 - 1945;0
Počet osob v domech celkem s obdobím výstavby nebo rekonstrukce:  1920 - 1945;0
Počet osob v rodinných domech s obdobím výstavby nebo rekonstrukce:  1920 - 1945;0
Počet osob v bytových domech s obdobím výstavby nebo rekonstrukce:  1920 - 1945;0
Domy celkem - období výstavby nebo rekonstrukce:  1946 - 1970;0
Rodinné domy - období výstavby nebo rekonstrukce:  1946 - 1970;0
Bytové domy  -období výstavby nebo rekonstrukce:  1946 - 1970;0
Počet osob v domech celkem s obdobím výstavby nebo rekonstrukce:  1946 - 1970;0
Počet osob v rodinných domech s obdobím výstavby nebo rekonstrukce:  1946 - 1970;0
Počet osob v bytových domech s obdobím výstavby nebo rekonstrukce:  1946 - 1970;0
Domy celkem - období výstavby nebo rekonstrukce:  1971 - 1980;0
Rodinné domy - období výstavby nebo rekonstrukce:  1971 - 1980;0
Bytové domy  -období výstavby nebo rekonstrukce:  1971 - 1980;0
Počet osob v domech celkem s obdobím výstavby nebo rekonstrukce:  1971 - 1980;0
Počet osob v rodinných domech s obdobím výstavby nebo rekonstrukce:  1971 - 1980;0
Počet osob v bytových domech s obdobím výstavby nebo rekonstrukce:  1971 - 1980;0
Domy celkem - období výstavby nebo rekonstrukce: 1981 - 1990;0
Rodinné domy - období výstavby nebo rekonstrukce:  1981 - 1990;0
Bytové domy  -období výstavby nebo rekonstrukce:  1981 - 1990;0
Počet osob v domech celkem s obdobím výstavby nebo rekonstrukce:  1981 - 1990;0
Počet osob v rodinných domech s obdobím výstavby nebo rekonstrukce:  1981 - 1990;0
Počet osob v bytových domech s obdobím výstavby nebo rekonstrukce:  1981 - 1990;0
Domy celkem - období výstavby nebo rekonstrukce: 1991 - 2000;0
Rodinné domy - období výstavby nebo rekonstrukce:  1991 - 2000;0
Bytové domy  -období výstavby nebo rekonstrukce:  1991 - 2000;0
Počet osob v domech celkem s obdobím výstavby nebo rekonstrukce:  1991 - 2000;0
Počet osob v rodinných domech s obdobím výstavby nebo rekonstrukce:  1991 - 2000;0
Počet osob v bytových domech s obdobím výstavby nebo rekonstrukce:  1991 - 2000;0
Domy celkem - období výstavby nebo rekonstrukce: 2001 - 2010;0
Rodinné domy - období výstavby nebo rekonstrukce:  2001 - 2010;0
Bytové domy  -období výstavby nebo rekonstrukce:  2001 - 2010;0
Počet osob v domech celkem s obdobím výstavby nebo rekonstrukce:  2001 - 2010;0
Počet osob v rodinných domech s obdobím výstavby nebo rekonstrukce:  2001 - 2010;0
Počet osob v bytových domech s obdobím výstavby nebo rekonstrukce:  2001 - 2010;0
Domy celkem - období výstavby nebo rekonstrukce: 2011 - 2015;0
Rodinné domy - období výstavby nebo rekonstrukce:  2011 - 2015;0
Bytové domy  -období výstavby nebo rekonstrukce:  2011 - 2015;0
Počet osob v domech celkem s obdobím výstavby nebo rekonstrukce:  2011 - 2015;0
Počet osob v rodinných domech s obdobím výstavby nebo rekonstrukce:  2011 - 2015;0
Počet osob v bytových domech s obdobím výstavby nebo rekonstrukce:  2011 - 2015;0
Domy celkem - období výstavby nebo rekonstrukce: 2016 a později;0
Rodinné domy - období výstavby nebo rekonstrukce:  2016 a později;0
Bytové domy  -období výstavby nebo rekonstrukce:  2016 a později;0
Počet osob v domech celkem s obdobím výstavby nebo rekonstrukce:  2016 a později;0
Počet osob v rodinných domech s obdobím výstavby nebo rekonstrukce:  2016 a později;0
Počet osob v bytových domech s obdobím výstavby nebo rekonstrukce:  2016 a později;0
Domy celkem - období výstavby nebo rekonstrukce: nezjištěno;0
Rodinné domy - období výstavby nebo rekonstrukce:  nezjištěno;0
Bytové domy  -období výstavby nebo rekonstrukce:  nezjištěno;0
Počet osob v domech celkem s obdobím výstavby nebo rekonstrukce:  nezjištěno;0
Počet osob v rodinných domech s obdobím výstavby nebo rekonstrukce:  nezjištěno;0
Počet osob v bytových domech s obdobím výstavby nebo rekonstrukce:  nezjištěno;0
Domy celkem - materiál nosných zdí: kámen, cihly, tvárnice;0
Rodinné domy - materiál nosných zdí: kámen, cihly, tvárnice;0
Bytové domy  -materiál nosných zdí: kámen, cihly, tvárnice;0
Počet osob v domech celkem s materiálem nosných zdí: kámen, cihly, tvárnice;0
Počet osob v rodinných domech s materiálem nosných zdí: kámen, cihly, tvárnice;0
Počet osob v bytových domech s materiálem nosných zdí: kámen, cihly, tvárnice;0
Domy celkem - materiál nosných zdí: stěnové panely;0
Rodinné domy - materiál nosných zdí: stěnové panely;0
Bytové domy  -materiál nosných zdí: stěnové panely;0
Počet osob v domech celkem s materiálem nosných zdí: stěnové panely;0
Počet osob v rodinných domech s materiálem nosných zdí: stěnové panely;0
Počet osob v bytových domech s materiálem nosných zdí: stěnové panely;0
Domy celkem - materiál nosných zdí: dřevo;0
Rodinné domy - materiál nosných zdí: dřevo;0
Bytové domy  -materiál nosných zdí: dřevo;0
Počet osob v domech celkem s materiálem nosných zdí: dřevo;0
Počet osob v rodinných domech s materiálem nosných zdí: dřevo;0
Počet osob v bytových domech s materiálem nosných zdí: dřevo;0
Domy celkem - počet nadzemních podlaží: 1 - 2;0
Rodinné domy - počet nadzemních podlaží: 1 - 2;0
Bytové domy  - počet nadzemních podlaží: 1 - 2;0
Počet osob v domech celkem s počtem nadzemních podlaží: 1 - 2;0
Počet osob v rodinných domech s počtem nadzemních podlaží: 1 - 2;0
Počet osob v bytových domech s počtem nadzemních podlaží: 1 - 2;0
Domy celkem - počet nadzemních podlaží: 3 - 4;0
Rodinné domy - počet nadzemních podlaží: 3 - 4;0
Bytové domy  - počet nadzemních podlaží: 3 - 4;0
Počet osob v domech celkem s počtem nadzemních podlaží: 3 - 4;0
Počet osob v rodinných domech s počtem nadzemních podlaží: 3 - 4;0
Počet osob v bytových domech s počtem nadzemních podlaží: 3 - 4;0
Domy celkem - počet nadzemních podlaží: 5 a více;0
Bytové domy  - počet nadzemních podlaží: 5 a více;0
Počet osob v domech celkem s počtem nadzemních podlaží: 5 a více;0
Domy celkem - technické vybavení domů: přípoj na kanalizační síť;0
Rodinné domy - technické vybavení domů: přípoj na kanalizační síť;0
Bytové domy  - technické vybavení domů: přípoj na kanalizační síť;0
Počet osob v domech celkem s technickým vybavením domů: přípoj na kanalizační síť;0
Počet osob v rodinných domech s technickým vybavením domů: přípoj na kanalizační síť;0
Počet osob v bytových domech s technickým vybavením domů: přípoj na kanalizační síť;0
Domy celkem - technické vybavení domů: vodovod;0
Rodinné domy - technické vybavení domů: vodovod;0
Bytové domy  - technické vybavení domů: vodovod;0
Počet osob v domech celkem s technickým vybavením domů: vodovod;0
Počet osob v rodinných domech s technickým vybavením domů: vodovod;0
Počet osob v bytových domech s technickým vybavením domů: vodovod;0
Domy celkem - technické vybavení domů: plyn;0
Rodinné domy - technické vybavení domů: plyn;0
Bytové domy  - technické vybavení domů: plyn;0
Počet osob v domech celkem s technickým vybavením domů: plyn;0
Počet osob v rodinných domech s technickým vybavením domů: plyn;0
Počet osob v bytových domech s technickým vybavením domů: plyn;0
Domy celkem - technické vybavení domů: ústřední topení;0
Rodinné domy - technické vybavení domů: ústřední topení;0
Bytové domy  - technické vybavení domů: ústřední topení;0
Počet osob v domech celkem s technickým vybavením domů: ústřední topení;0
Počet osob v rodinných domech s technickým vybavením domů: ústřední topení;0
Počet osob v bytových domech s technickým vybavením domů: ústřední topení;0
Neobydlené domy s byty celkem;0
Neobydlené rodinné domy;0
Neobydlené bytové domy;0
NUTS_2;
naz_oblast;
NUTS_3;
naz_kraj;
kod_okres;
naz_okres;
kod_orp;
naz_orp;
kod_obec;
naz_obec;
kod_mco;
nazev_mco;
nadzsjd;
Obyvatelstvo celkem;1
Obyvatelstvo celkem - muži;0
Obyvatelstvo celkem - ženy;0
Obyvatelstvo - náboženská víra: věřící - nehlásící se k církvi, náboženské společnosti nebo směru - celkem;1
Obyvatelstvo - náboženská víra: věřící - nehlásící se k církvi, náboženské společnosti nebo směru - muži;0
Obyvatelstvo - náboženská víra: věřící - nehlásící se k církvi, náboženské společnosti nebo směru - ženy;0
Obyvatelstvo - náboženská víra: věřící - hlásící se k církvi, náboženské společnosti nebo směru - celkem;1
Obyvatelstvo - náboženská víra: věřící - hlásící se k církvi, náboženské společnosti nebo směru - muži;0
Obyvatelstvo - náboženská víra: věřící - hlásící se k církvi, náboženské společnosti nebo směru - ženy;0
Obyvatelstvo - náboženská víra: bez náboženské víry - celkem;1
Obyvatelstvo - náboženská víra: bez náboženské víry - muži;0
Obyvatelstvo - náboženská víra: bez náboženské víry - ženy;0
Obyvatelstvo - náboženská víra: neuvedeno - celkem;1
Obyvatelstvo - náboženská víra: neuvedeno - muži;0
Obyvatelstvo - náboženská víra: neuvedeno - ženy;0
NUTS_2;
naz_oblast;
NUTS_3;
naz_kraj;
kod_okres;
naz_okres;
kod_orp;
naz_orp;
kod_obec;
naz_obec;
kod_mco;
nazev_mco;
nadzsjd;
Obyvatelstvo - pracovní síla - celkem;0
Obyvatelstvo - pracovní síla - muži;0
Obyvatelstvo - pracovní síla - ženy;0
Obyvatelstvo - ekon. aktivita: zaměstnaní - celkem;1
Obyvatelstvo - ekon. aktivita: zaměstnaní - muži;0
Obyvatelstvo - ekon. aktivita: zaměstnaní - ženy;0
Obyvatelstvo - ekon. aktivita: pracující žáci a studenti - celkem;1
Obyvatelstvo - ekon. aktivita: pracující žáci a studenti - muži;0
Obyvatelstvo - ekon. aktivita: pracující žáci a studenti - ženy;0
Obyvatelstvo - ekon. aktivita: pracující důchodci - celkem;1
Obyvatelstvo - ekon. aktivita: pracující důchodci - muži;0
Obyvatelstvo - ekon. aktivita: pracující důchodci - ženy;0
Obyvatelstvo - ekon. aktivita: osoby na mateřské dovolené - celkem;1
Obyvatelstvo - ekon. aktivita: osoby na mateřské dovolené - muži;0
Obyvatelstvo - ekon. aktivita: osoby na mateřské dovolené - ženy;0
Obyvatelstvo - ekon. aktivita: nezaměstnaní - celkem;1
Obyvatelstvo - ekon. aktivita: nezaměstnaní - muži;0
Obyvatelstvo - ekon. aktivita: nezaměstnaní - ženy;0
Obyvatelstvo - mimo pracovní sílu - celkem;1
Obyvatelstvo - mimo pracovní sílu - muži;0
Obyvatelstvo - mimo pracovní sílu - ženy;0
Obyvatelstvo - ekon. aktivita: nepracující důchodci - celkem;1
Obyvatelstvo - ekon. aktivita: nepracující důchodci - muži;0
Obyvatelstvo - ekon. aktivita: nepracující důchodci - ženy;0
Obyvatelstvo - ekon. aktivita: ostatní s vlastním zdrojem obživy - celkem;1
Obyvatelstvo - ekon. aktivita: ostatní s vlastním zdrojem obživy - muži;0
Obyvatelstvo - ekon. aktivita: ostatní s vlastním zdrojem obživy - ženy;0
Obyvatelstvo - ekon. aktivita: osoby na rodičovské dovolené - celkem;1
Obyvatelstvo - ekon. aktivita: osoby na rodičovské dovolené - muži;0
Obyvatelstvo - ekon. aktivita: osoby na rodičovské dovolené - ženy;0
Obyvatelstvo - ekon. aktivita: osoby v domácnosti, děti předškolního věku, ostatní závislé osoby - celkem;1
Obyvatelstvo - ekon. aktivita: osoby v domácnosti, děti předškolního věku, ostatní závislé osoby - muži;0
Obyvatelstvo - ekon. aktivita: osoby v domácnosti, děti předškolního věku, ostatní závislé osoby - ženy;0
Obyvatelstvo - ekon. aktivita: žáci, studenti - celkem;1
Obyvatelstvo - ekon. aktivita: žáci, studenti - muži;0
Obyvatelstvo - ekon. aktivita: žáci, studenti - ženy;0
Obyvatelstvo - ekon. aktivita: nezjištěno - celkem;0
Obyvatelstvo - ekon. aktivita: nezjištěno - muži;0
Obyvatelstvo - ekon. aktivita: nezjištěno - ženy;0
NUTS_2;
naz_oblast;
NUTS_3;
naz_kraj;
kod_okres;
naz_okres;
kod_orp;
naz_orp;
kod_obec;
naz_obec;
kod_mco;
nazev_mco;
nadzsjd;
Obyvatelstvo celkem;1
Obyvatelstvo celkem - muži;0
Obyvatelstvo celkem - ženy;0
Obyvatelstvo - s trvalým pobytem - celkem;1
Obyvatelstvo - s trvalým pobytem - muži;0
Obyvatelstvo - s trvalým pobytem - ženy;0
Obyvatelstvo - s dlouhodobým pobytem - celkem;1
Obyvatelstvo - s dlouhodobým pobytem - muži;0
Obyvatelstvo - s dlouhodobým pobytem - ženy;0
Obyvatelstvo - bydliště po narození v obci obvyklého bydliště -  celkem;1
Obyvatelstvo - bydliště po narození v obci obvyklého bydliště - muži;0
Obyvatelstvo - bydliště po narození v obci obvyklého bydliště - ženy;0
Obyvatelstvo - bydlící před rokem ve stejné obci - celkem;1
Obyvatelstvo - bydlící před rokem ve stejné obci - muži;0
Obyvatelstvo - bydlící před rokem ve stejné obci - ženy;0
Obyvatelstvo - bydlící v bytech - celkem;0
Obyvatelstvo - bydlící v bytech - muži;0
Obyvatelstvo - bydlící v bytech - ženy;0
Obyvatelstvo - bydlící v zařízeních - celkem;0
Obyvatelstvo - bydlící v zařízeních - muži;0
Obyvatelstvo - bydlící v zařízeních - ženy;0
Obyvatelstvo - bydlící mimo byty a zařízení - celkem;0
Obyvatelstvo - bydlící mimo byty a zařízení - muži;0
Obyvatelstvo - bydlící mimo byty a zařízení - ženy;0
NUTS_2;
naz_oblast;
NUTS_3;
naz_kraj;
kod_okres;
naz_okres;
kod_orp;
naz_orp;
kod_obec;
naz_obec;
kod_mco;
nazev_mco;
nadzsjd;
Obyvatelstvo celkem;1
Obyvatelstvo celkem - muži;0
Obyvatelstvo celkem - ženy;0
Obyvatelstvo - věk: 0 - 2  - celkem;1
Obyvatelstvo - věk: 0 - 2  - muži;0
Obyvatelstvo - věk: 0 - 2  - ženy;0
Obyvatelstvo - věk: 3 - 4  - celkem;1
Obyvatelstvo - věk: 3 - 4   - muži;0
Obyvatelstvo - věk: 3 - 4  - ženy;0
Obyvatelstvo - věk: 5  - 6 - celkem;1
Obyvatelstvo - věk: 5 - 6  - muži;0
Obyvatelstvo - věk: 5  - 6 -  ženy;0
Obyvatelstvo - věk: 7 - 9  - celkem;1
Obyvatelstvo - věk: 7 - 9  - muži;0
Obyvatelstvo - věk: 7 - 9  - ženy;0
Obyvatelstvo - věk: 10 - 14  - celkem;1
Obyvatelstvo - věk: 10 - 14  - muži;0
Obyvatelstvo - věk: 10 - 14  - ženy;0
Obyvatelstvo - věk: 15 - 17  - celkem;1
Obyvatelstvo - věk: 15 - 17  - muži;0
Obyvatelstvo - věk: 15 - 17  - ženy;0
Obyvatelstvo - věk: 18 - 19  - celkem;1
Obyvatelstvo - věk: 18 - 19  - muži;0
Obyvatelstvo - věk: 18 - 19  - ženy;0
Obyvatelstvo - věk: 20 - 24  - celkem;1
Obyvatelstvo - věk: 20 - 24  - muži;0
Obyvatelstvo - věk: 20 - 24  - ženy;0
Obyvatelstvo - věk: 25 - 29  - celkem;1
Obyvatelstvo - věk: 25 - 29  - muži;0
Obyvatelstvo - věk: 25 - 29  - ženy;0
Obyvatelstvo - věk: 30 - 34  - celkem;1
Obyvatelstvo - věk: 30 - 34  - muži;0
Obyvatelstvo - věk: 30 - 34  - ženy;0
Obyvatelstvo - věk: 35 - 39  - celkem;1
Obyvatelstvo - věk: 35 - 39  - muži;0
Obyvatelstvo - věk: 35 - 39  - ženy;0
Obyvatelstvo - věk: 40 - 44  - celkem;1
Obyvatelstvo - věk: 40 - 44  - muži;0
Obyvatelstvo - věk: 40 - 44  - ženy;0
Obyvatelstvo - věk: 45 - 49  - celkem;1
Obyvatelstvo - věk: 45 - 49  - muži;0
Obyvatelstvo - věk: 45 - 49  - ženy;0
Obyvatelstvo - věk: 50 - 54  - celkem;1
Obyvatelstvo - věk: 50 - 54  - muži;0
Obyvatelstvo - věk: 50 - 54  - ženy;0
Obyvatelstvo - věk: 55 - 59  - celkem;1
Obyvatelstvo - věk: 55 - 59  - muži;0
Obyvatelstvo - věk: 55 - 59  - ženy;0
Obyvatelstvo - věk: 60 - 64  - celkem;1
Obyvatelstvo - věk: 60 - 64  - muži;0
Obyvatelstvo - věk: 60 - 64  - ženy;0
Obyvatelstvo - věk: 65 - 69  - celkem;1
Obyvatelstvo - věk: 65 - 69  - muži;0
Obyvatelstvo - věk: 65 - 69  - ženy;0
Obyvatelstvo - věk: 70 - 74  - celkem;1
Obyvatelstvo - věk: 70 - 74  - muži;0
Obyvatelstvo - věk: 70 - 74  - ženy;0
Obyvatelstvo - věk: 75 - 79  - celkem;1
Obyvatelstvo - věk: 75 - 79  - muži;0
Obyvatelstvo - věk: 75 - 79  - ženy;0
Obyvatelstvo - věk: 80 - 84  - celkem;1
Obyvatelstvo - věk: 80 - 84  - muži;0
Obyvatelstvo - věk: 80 - 84  - ženy;0
Obyvatelstvo - věk: 85 a více  - celkem;1
Obyvatelstvo - věk: 85 a více  - muži;0
Obyvatelstvo - věk: 85 a více  - ženy;0
Obyvatelstvo - věk: 0 - 14  - celkem;0
Obyvatelstvo - věk: 0 - 14  - muži;0
Obyvatelstvo - věk: 0 - 14  - ženy;0
Obyvatelstvo - věk: 15 - 64  - celkem;0
Obyvatelstvo - věk: 15 - 64  - muži;0
Obyvatelstvo - věk: 15 - 64  - ženy;0
Obyvatelstvo - věk: 65 a více  - celkem;0
Obyvatelstvo - věk: 65 a více  - muži;0
Obyvatelstvo - věk: 65 a více  - ženy;0
Obyvatelstvo - průměrný věk  - celkem;0
Obyvatelstvo - průměrný věk  - muži;0
Obyvatelstvo - průměrný věk  - ženy;0
NUTS_2;
naz_oblast;
NUTS_3;
naz_kraj;
kod_okres;
naz_okres;
kod_orp;
naz_orp;
kod_obec;
naz_obec;
kod_mco;
nazev_mco;
nadzsjd;
Obydlené byty v domech celkem - s 1 obytnou místností;0
Obydlené byty v rodinných domech  - s 1 obytnou místností;0
Obydlené byty v bytových domech  - s 1 obytnou místností;0
Počet osob v bytech celkem   - s 1 obytnou místností;0
Počet osob v bytech v rodinných domech - s 1 obytnou místností;0
Počet osob v bytech v bytových domech - s 1 obytnou místností;0
Obydlené byty v domech celkem - se 2 obytnými místnostmi;0
Obydlené byty v rodinných domech - se 2 obytnými místnostmi;0
Obydlené byty v bytových domech   - se 2 obytnými místnostmi;0
Počet osob v bytech celkem  - se 2 obytnými místnostmi;0
Počet osob v bytech v rodinných domech - se 2 obytnými místnostmi;0
Počet osob v bytech v bytových domech - se 2 obytnými místnostmi;0
Obydlené byty v domech celkem - se 3 obytnými místnostmi;0
Obydlené byty v rodinných domech - se 3 obytnými místnostmi;0
Obydlené byty v bytových domech   - se 3 obytnými místnostmi;0
Počet osob v bytech celkem  - se 3 obytnými místnostmi;0
Počet osob v bytech v rodinných domech - se 3 obytnými místnostmi;0
Počet osob v bytech v bytových domech - se 3 obytnými místnostmi;0
Obydlené byty v domech celkem - se 4 obytnými místnostmi;0
Obydlené byty v rodinných domech - se 4 obytnými místnostmi;0
Obydlené byty v bytových domech   - se 4 obytnými místnostmi;0
Počet osob v bytech celkem  - se 4 obytnými místnostmi;0
Počet osob v bytech v rodinných domech - se 4 obytnými místnostmi;0
Počet osob v bytech v bytových domech - se 4 obytnými místnostmi;0
Obydlené byty v domech celkem - s 5+  obytnými místnostmi;0
Obydlené byty v rodinných domech - s 5+ obytnými místnostmi;0
Obydlené byty v bytových domech   - s 5+ obytnými místnostmi;0
Počet osob v bytech celkem  - s  5+ obytnými místnostmi;0
Počet osob v bytech v rodinných domech - s 5+ obytnými místnostmi;0
Počet osob v bytech v bytových domech - s 5+ obytnými místnostmi;0
Obydlené byty v domech celkem - plyn zaveden do bytu;0
Obydlené byty v rodinných domech  - plyn zaveden do bytu;0
Obydlené byty v bytových domech    - plyn zaveden do bytu;0
Počet osob v bytech celkem   - plyn zaveden do bytu;0
Počet osob v bytech v rodinných domech  - plyn zaveden do bytu;0
Počet osob v bytech v bytových domech  - plyn zaveden do bytu;0
Obydlené byty v domech celkem - vodovod v bytě;0
Obydlené byty v rodinných domech  - vodovod v bytě;0
Obydlené byty v bytových domech    - vodovod v bytě;0
Počet osob v bytech celkem   - vodovod v bytě;0
Počet osob v bytech v rodinných domech  - vodovod v bytě;0
Počet osob v bytech v bytových domech  - vodovod v bytě;0
Obydlené byty v domech celkem - s přípojem na kanalizační síť;0
Obydlené byty v rodinných domech  -  s přípojem na kanalizační síť;0
Obydlené byty v bytových domech    - s přípojem na kanalizační síť;0
Počet osob v bytech celkem   -  s přípojem na kanalizační síť;0
Počet osob v bytech v rodinných domech  -  s přípojem na kanalizační síť;0
Počet osob v bytech v bytových domech  -  s přípojem na kanalizační síť;0
Obydlené byty v domech celkem - s žumpou, jímkou;0
Obydlené byty v rodinných domech  -  s žumpou, jímkou;0
Obydlené byty v bytových domech    - s žumpou, jímkou;0
Počet osob v bytech celkem   -  s žumpou, jímkou;0
Počet osob v bytech v rodinných domech  -  s žumpou, jímkou;0
Počet osob v bytech v bytových domech  -  s žumpou, jímkou;0
Počet obytných místností(4 m2 a více) obydlených bytů v domech celkem;0
Počet obytných místností(4 m2 a více) obydlených bytů v rodinných domech;0
Počet obytných místností(4 m2 a více) obydlených bytů v bytových domech;0
Celková plocha obydlených bytů v m2 v domech celkem;0
Celková plocha obydlených bytů v m2 v rodinných domech;0
Celková plocha obydlených bytů v m2 v bytových domech;0
Průměrná plocha 1 obydleného bytu v m2 v domech celkem;0
Průměrná plocha 1 obydleného bytu v m2 v rodinných domech;0
Průměrná plocha 1 obydleného bytu v m2 v bytových domech;0
nuts_2_regs;
nazev_regionu_soudrznosti;
nuts3_kraj;
nazev_kraje;
kod_okres;
nazev_okresu;
kod_orp;
nazev_orp;
kod_obec;
nazev_obec;
kod_mco;
nazev_mco;
nadzsjd;
Obyvatelstvo celkem;1
Obyvatelstvo celkem - muži;0
Obyvatelstvo celkem - ženy;0
Obyvatelstvo - státní občanství: Česká republika - celkem;1
Obyvatelstvo - státní občanství: Česká republika - muži;0
Obyvatelstvo - státní občanství: Česká republika - ženy;0
Obyvatelstvo - státní občanství: Slovenská republika - celkem;1
Obyvatelstvo - státní občanství: Slovenská republika - muži;0
Obyvatelstvo - státní občanství: Slovenská  republika - ženy;0
Obyvatelstvo - státní občanství: země EU mimo ČR - celkem;1
Obyvatelstvo - státní občanství: země EU mimo ČR - muži;0
Obyvatelstvo - státní občanství: země EU mimo ČR - ženy;0
Obyvatelstvo - bez státního občanství - celkem;1
Obyvatelstvo - bez státního občanství - muži;0
Obyvatelstvo - bez státního občanství - ženy;0
Obyvatelstvo - státní občanství: nezjištěno - celkem;1
Obyvatelstvo - státní občanství: nezjištěno - muži;0
Obyvatelstvo - státní občanství: nezjištěno - ženy;0
NUTS_2;
naz_oblast;
NUTS_3;
naz_kraj;
kod_okres;
naz_okres;
kod_orp;
naz_orp;
kod_obec;
naz_obec;
kod_mco;
nazev_mco;
nadzsjd;
Hospodařící domácnosti v bytech celkem;0
Hospodařící domácnosti v bytech - počet členů domácnosti: 1;1
Hospodařící domácnosti v bytech - počet členů domácnosti: 2;1
Hospodařící domácnosti v bytech - počet členů domácnosti: 3;1
Hospodařící domácnosti v bytech - počet členů domácnosti: 4;1
Hospodařící domácnosti v bytech - počet členů domácnosti: 5 a více;1
Hospodařící domácnosti v bytech - typ HD: domácnosti jednotlivců;0
Hospodařící domácnosti v bytech - typ HD: vícečlenné nerodinné domácnosti;0
Hospodařící domácnosti v bytech - typ HD: vícečlenné nerodinné domácnosti - počet členů domácnosti: 2;0
Hospodařící domácnosti v bytech - typ HD: vícečlenné nerodinné domácnosti - počet členů domácnosti: 3;0
Hospodařící domácnosti v bytech - typ HD: vícečlenné nerodinné domácnosti - počet členů domácnosti: 4;0
Hospodařící domácnosti v bytech - typ HD: vícečlenné nerodinné domácnosti - počet členů domácnosti: 5 a více;0
Hospodařící domácnosti v bytech - typ HD: rodinné domácnosti;0
Hospodařící domácnosti v bytech - typ HD: rodinné domácnosti - počet členů domácnosti: 2;0
Hospodařící domácnosti v bytech - typ HD: rodinné domácnosti - počet členů domácnosti: 3;0
Hospodařící domácnosti v bytech - typ HD: rodinné domácnosti - počet členů domácnosti: 4;0
Hospodařící domácnosti v bytech - typ HD: rodinné domácnosti - počet členů domácnosti: 5 a více;0
Hospodařící domácnosti v bytech - typ HD: rodinné domácnosti tvořené 1 rodinou;0
Hospodařící domácnosti v bytech - typ HD: rodinné domácnosti tvořené 1 rodinou - počet členů domácnosti: 2;0
Hospodařící domácnosti v bytech - typ HD: rodinné domácnosti tvořené 1 rodinou - počet členů domácnosti: 3;0
Hospodařící domácnosti v bytech - typ HD: rodinné domácnosti tvořené 1 rodinou - počet členů domácnosti: 4;0
Hospodařící domácnosti v bytech - typ HD: rodinné domácnosti tvořené 1 rodinou - počet členů domácnosti: 5 a více;0
Hospodařící domácnosti v bytech - typ HD: rodinné domácnosti tvořené 1 rodinou - úplné rodiny celkem;0
Hospodařící domácnosti v bytech - typ HD: rodinné domácnosti tvořené 1 rodinou - úplné rodiny celkem  - počet členů domácnosti: 2;0
Hospodařící domácnosti v bytech - typ HD: rodinné domácnosti tvořené 1 rodinou - úplné rodiny celkem  - počet členů domácnosti: 3;0
Hospodařící domácnosti v bytech - typ HD: rodinné domácnosti tvořené 1 rodinou - úplné rodiny celkem  - počet členů domácnosti: 4;0
Hospodařící domácnosti v bytech - typ HD: rodinné domácnosti tvořené 1 rodinou - úplné rodiny celkem  - počet členů domácnosti: 5 a více;0
Hospodařící domácnosti v bytech - typ HD: rodinné domácnosti tvořené 1 rodinou - úplná rodina bez závislých dětí;0
Hospodařící domácnosti v bytech - typ HD: rodinné domácnosti tvořené 1 rodinou - úplná rodina bez závislých dětí  - počet členů domácnosti: 2;0
Hospodařící domácnosti v bytech - typ HD: rodinné domácnosti tvořené 1 rodinou - úplná rodina bez závislých dětí  - počet členů domácnosti: 3;0
Hospodařící domácnosti v bytech - typ HD: rodinné domácnosti tvořené 1 rodinou - úplná rodina bez závislých dětí  - počet členů domácnosti: 4;0
Hospodařící domácnosti v bytech - typ HD: rodinné domácnosti tvořené 1 rodinou - úplná rodina bez závislých dětí  - počet členů domácnosti: 5 a více;0
Hospodařící domácnosti v bytech - typ HD: rodinné domácnosti tvořené 1 rodinou - úplná rodina se závislými dětmi;0
Hospodařící domácnosti v bytech - typ HD: rodinné domácnosti tvořené 1 rodinou - úplná rodina se závislými dětmi  - počet členů domácnosti: 3;0
Hospodařící domácnosti v bytech - typ HD: rodinné domácnosti tvořené 1 rodinou - úplná rodina se závislými dětmi  - počet členů domácnosti: 4;0
Hospodařící domácnosti v bytech - typ HD: rodinné domácnosti tvořené 1 rodinou - úplná rodina se závislými dětmi  - počet členů domácnosti: 5 a více;0
Hospodařící domácnosti v bytech - typ HD: rodinné domácnosti tvořené 1 rodinou - neúplné rodiny celkem;0
Hospodařící domácnosti v bytech - typ HD: rodinné domácnosti tvořené 1 rodinou - neúplné rodiny celkem  - počet členů domácnosti: 2;0
Hospodařící domácnosti v bytech - typ HD: rodinné domácnosti tvořené 1 rodinou - neúplné rodiny celkem  - počet členů domácnosti: 3;0
Hospodařící domácnosti v bytech - typ HD: rodinné domácnosti tvořené 1 rodinou - neúplné rodiny celkem  - počet členů domácnosti: 4;0
Hospodařící domácnosti v bytech - typ HD: rodinné domácnosti tvořené 1 rodinou - neúplné rodiny celkem  - počet členů domácnosti: 5 a více;0
Hospodařící domácnosti v bytech - typ HD: rodinné domácnosti tvořené 1 rodinou - neúplná rodina osamělý otec;0
Hospodařící domácnosti v bytech - typ HD: rodinné domácnosti tvořené 1 rodinou - neúplná rodina osamělý otec  - počet členů domácnosti: 2;0
Hospodařící domácnosti v bytech - typ HD: rodinné domácnosti tvořené 1 rodinou - neúplná rodina osamělý otec  - počet členů domácnosti: 3;0
Hospodařící domácnosti v bytech - typ HD: rodinné domácnosti tvořené 1 rodinou - neúplná rodina osamělý otec  - počet členů domácnosti: 4;0
Hospodařící domácnosti v bytech - typ HD: rodinné domácnosti tvořené 1 rodinou - neúplná rodina osamělý otec  - počet členů domácnosti: 5 a více;0
Hospodařící domácnosti v bytech - typ HD: rodinné domácnosti tvořené 1 rodinou - neúplná rodina osamělá matka;0
Hospodařící domácnosti v bytech - typ HD: rodinné domácnosti tvořené 1 rodinou - neúplná rodina osamělá matka  - počet členů domácnosti: 2;0
Hospodařící domácnosti v bytech - typ HD: rodinné domácnosti tvořené 1 rodinou - neúplná rodina osamělá matka  - počet členů domácnosti: 3;0
Hospodařící domácnosti v bytech - typ HD: rodinné domácnosti tvořené 1 rodinou - neúplná rodina osamělá matka  - počet členů domácnosti: 4;0
Hospodařící domácnosti v bytech - typ HD: rodinné domácnosti tvořené 1 rodinou - neúplná rodina osamělá matka  - počet členů domácnosti: 5 a více;0
Hospodařící domácnosti v bytech - typ HD: rodinné domácnosti tvořené 2 a více rodinami;0
Hospodařící domácnosti v bytech - typ HD: rodinné domácnosti tvořené 2 a více rodinami - počet členů domácnosti: 4;0
Hospodařící domácnosti v bytech - typ HD: rodinné domácnosti tvořené 2 a více rodinami - počet členů domácnosti: 5 a více;0
Hospodařící domácnosti v bytech - typ HD: rodinné domácnosti tvořené 1 rodinou - úplné rodiny - manželské páry;0
Hospodařící domácnosti v bytech - typ HD: rodinné domácnosti tvořené 1 rodinou - úplné rodiny - manželské páry  - počet členů domácnosti: 2;0
Hospodařící domácnosti v bytech - typ HD: rodinné domácnosti tvořené 1 rodinou - úplné rodiny - manželské páry  - počet členů domácnosti: 3;0
Hospodařící domácnosti v bytech - typ HD: rodinné domácnosti tvořené 1 rodinou - úplné rodiny - manželské páry  - počet členů domácnosti: 4;0
Hospodařící domácnosti v bytech - typ HD: rodinné domácnosti tvořené 1 rodinou - úplné rodiny - manželské páry  - počet členů domácnosti: 5 a více;0
Hospodařící domácnosti v bytech - typ HD: rodinné domácnosti tvořené 1 rodinou - úplné rodiny - faktická manželství;0
Hospodařící domácnosti v bytech - typ HD: rodinné domácnosti tvořené 1 rodinou - úplné rodiny - faktická manželství  - počet členů domácnosti: 2;0
Hospodařící domácnosti v bytech - typ HD: rodinné domácnosti tvořené 1 rodinou - úplné rodiny - faktická manželství  - počet členů domácnosti: 3;0
Hospodařící domácnosti v bytech - typ HD: rodinné domácnosti tvořené 1 rodinou - úplné rodiny - faktická manželství  - počet členů domácnosti: 4;0
Hospodařící domácnosti v bytech - typ HD: rodinné domácnosti tvořené 1 rodinou - úplné rodiny - faktická manželství  - počet členů domácnosti: 5 a více;0
NUTS_2;
naz_oblast;
NUTS_3;
naz_kraj;
kod_okres;
naz_okres;
kod_orp;
naz_orp;
kod_obec;
naz_obec;
kod_mco;
nazev_mco;
nadzsjd;
Obydlené byty celkem;0
Obydlené byty - období výstavby nebo rekonstrukce domu: 1919 a dříve;0
Obydlené byty - období výstavby nebo rekonstrukce domu: 1920 - 1945;0
Obydlené byty - období výstavby nebo rekonstrukce domu: 1946 - 1970;0
Obydlené byty - období výstavby nebo rekonstrukce domu: 1971 - 1980;0
Obydlené byty - období výstavby nebo rekonstrukce domu: 1981 - 1990;0
Obydlené byty - období výstavby nebo rekonstrukce domu: 1991 - 2000;0
Obydlené byty - období výstavby nebo rekonstrukce domu: 2001 - 2010;0
Obydlené byty - období výstavby nebo rekonstrukce domu: 2011 - 2015;0
Obydlené byty - období výstavby nebo rekonstrukce domu: 2016 a později;0
Obydlené byty - období výstavby nebo rekonstrukce domu: nezjištěno;0
Obydlené byty  v rodinných domech;0
Obydlené byty v rodinných domech - období výstavby nebo rekonstrukce domu: 1919 a dříve;0
Obydlené byty v rodinných domech - období výstavby nebo rekonstrukce domu: 1920 - 1945;0
Obydlené byty v rodinných domech - období výstavby nebo rekonstrukce domu: 1946 - 1970;0
Obydlené byty v rodinných domech - období výstavby nebo rekonstrukce domu: 1971 - 1980;0
Obydlené byty v rodinných domech - období výstavby nebo rekonstrukce domu: 1981 - 1990;0
Obydlené byty v rodinných domech - období výstavby nebo rekonstrukce domu: 1991 - 2000;0
Obydlené byty v rodinných domech - období výstavby nebo rekonstrukce domu: 2001 - 2010;0
Obydlené byty v rodinných domech - období výstavby nebo rekonstrukce domu: 2011 - 2015;0
Obydlené byty v rodinných domech - období výstavby nebo rekonstrukce domu: 2016 a později;0
Obydlené byty v rodinných domech - období výstavby nebo rekonstrukce domu: nezjištěno;0
Obydlené byty  v bytových domech;0
Obydlené byty v bytových domech - období výstavby nebo rekonstrukce domu: 1919 a dříve;0
Obydlené byty v bytových domech - období výstavby nebo rekonstrukce domu: 1920 - 1945;0
Obydlené byty v bytových domech - období výstavby nebo rekonstrukce domu: 1946 - 1970;0
Obydlené byty v bytových domech - období výstavby nebo rekonstrukce domu: 1971 - 1980;0
Obydlené byty v bytových domech - období výstavby nebo rekonstrukce domu: 1981 - 1990;0
Obydlené byty v bytových domech - období výstavby nebo rekonstrukce domu: 1991 - 2000;0
Obydlené byty v bytových domech - období výstavby nebo rekonstrukce domu: 2001 - 2010;0
Obydlené byty v bytových domech - období výstavby nebo rekonstrukce domu: 2011 - 2015;0
Obydlené byty v bytových domech - období výstavby nebo rekonstrukce domu: 2016 a později;0
Obydlené byty v bytových domech - období výstavby nebo rekonstrukce domu: nezjištěno;0
Obydlené byty v ostatních budovách;0
Obydlené byty v ostatních budovách - období výstavby nebo rekonstrukce domu: 1919 a dříve;0
Obydlené byty v ostatních budovách - období výstavby nebo rekonstrukce domu: 1920 - 1945;0
Obydlené byty v ostatních budovách - období výstavby nebo rekonstrukce domu: 1946 - 1970;0
Obydlené byty v ostatních budovách - období výstavby nebo rekonstrukce domu: 1971 - 1980;0
Obydlené byty v ostatních budovách - období výstavby nebo rekonstrukce domu: 1981 - 1990;0
Obydlené byty v ostatních budovách - období výstavby nebo rekonstrukce domu: 1991 - 2000;0
Obydlené byty v ostatních budovách - období výstavby nebo rekonstrukce domu: 2001 - 2010;0
Obydlené byty v ostatních budovách - období výstavby nebo rekonstrukce domu: 2011 - 2015;0
Obydlené byty v ostatních budovách - období výstavby nebo rekonstrukce domu: 2016 a později;0
Obydlené byty v ostatních budovách - období výstavby nebo rekonstrukce domu: nezjištěno;0